,elasticity.poisson_ratio,elasticity.G_Reuss,elasticity.G_Voigt,elasticity.G_Voigt_Reuss_Hill,elasticity.K_Reuss,elasticity.K_Voigt,elasticity.K_Voigt_Reuss_Hill
mp-23505,-1.13,7.0,7.0,7.0,-0.0,-0.0,-0.0
mp-973265,-0.95,30.0,1.0,16.0,0.0,0.0,0.0
mp-974882,-0.85,25.0,1.0,13.0,0.0,0.0,0.0
mp-7615,-0.85,7.0,10.0,9.0,0.0,0.0,0.0
mp-975053,-0.84,228.0,2.0,115.0,5.0,5.0,5.0
mp-13925,-0.82,20.0,21.0,21.0,1.0,1.0,1.0
mp-20457,-0.81,48.0,51.0,49.0,2.0,2.0,2.0
mp-569028,-0.76,27.0,1.0,14.0,1.0,1.0,1.0
mp-570172,-0.76,4.0,5.0,5.0,-0.0,1.0,0.0
mp-989536,-0.75,33.0,33.0,33.0,2.0,2.0,2.0
mp-866229,-0.7,31.0,32.0,31.0,3.0,3.0,3.0
mp-999274,-0.67,12.0,12.0,12.0,1.0,1.0,1.0
mvc-7054,-0.66,5.0,9.0,7.0,0.0,1.0,1.0
mp-974789,-0.62,9.0,9.0,9.0,1.0,1.0,1.0
mp-9580,-0.59,6.0,10.0,8.0,1.0,1.0,1.0
mp-989590,-0.55,47.0,48.0,47.0,7.0,7.0,7.0
mp-2739,-0.54,33.0,37.0,35.0,5.0,6.0,5.0
mp-10148,-0.53,593.0,4.0,299.0,45.0,45.0,45.0
mp-697133,-0.47,14.0,14.0,14.0,2.0,3.0,3.0
mp-36508,-0.45,9.0,17.0,13.0,2.0,3.0,3.0
mp-631553,-0.41,467.0,4.0,236.0,51.0,51.0,51.0
mp-982773,-0.4,7.0,8.0,8.0,2.0,2.0,2.0
mp-15639,-0.4,11.0,14.0,13.0,3.0,3.0,3.0
mp-1017566,-0.38,79.0,85.0,82.0,19.0,19.0,19.0
mvc-3224,-0.35,607.0,19.0,313.0,76.0,82.0,79.0
mvc-12031,-0.35,614.0,33.0,324.0,82.0,84.0,83.0
mp-636056,-0.34,58.0,3.0,31.0,7.0,9.0,8.0
mp-1039293,-0.33,443.0,5.0,224.0,69.0,52.0,60.0
mp-8224,-0.32,14.0,37.0,26.0,7.0,7.0,7.0
mp-865080,-0.3,18.0,18.0,18.0,5.0,5.0,5.0
mp-984051,-0.29,162.0,6.0,84.0,25.0,25.0,25.0
mp-21206,-0.28,193.0,5.0,99.0,31.0,31.0,31.0
mp-21200,-0.28,42.0,47.0,45.0,14.0,14.0,14.0
mp-4051,-0.28,27.0,34.0,31.0,9.0,9.0,9.0
mp-867920,-0.27,41.0,53.0,47.0,14.0,15.0,15.0
mp-989523,-0.26,25.0,25.0,25.0,8.0,8.0,8.0
mp-8539,-0.26,10.0,22.0,16.0,5.0,5.0,5.0
mp-975380,-0.26,1.0,6.0,3.0,1.0,1.0,1.0
mp-568258,-0.26,636.0,17.0,326.0,107.0,107.0,107.0
mp-567772,-0.25,41.0,2.0,21.0,7.0,7.0,7.0
mp-756473,-0.24,5.0,0.0,3.0,1.0,1.0,1.0
mp-1021779,-0.24,234.0,24.0,129.0,43.0,46.0,44.0
mp-12628,-0.24,16.0,0.0,8.0,3.0,3.0,3.0
mp-973738,-0.23,769.0,31.0,400.0,141.0,141.0,141.0
mp-978493,-0.23,111.0,130.0,121.0,43.0,43.0,43.0
mp-977403,-0.23,44.0,3.0,23.0,6.0,10.0,8.0
mp-1021516,-0.21,4.0,4.0,4.0,1.0,1.0,1.0
mp-972751,-0.21,483.0,7.0,245.0,90.0,90.0,90.0
mp-622693,-0.2,800.0,51.0,425.0,161.0,161.0,161.0
mp-6945,-0.2,37.0,46.0,41.0,16.0,16.0,16.0
mp-7621,-0.2,9.0,10.0,10.0,4.0,4.0,4.0
mp-999052,-0.19,49.0,59.0,54.0,21.0,21.0,21.0
mp-862769,-0.18,8.0,13.0,10.0,2.0,6.0,4.0
mp-867838,-0.16,351.0,7.0,179.0,74.0,80.0,77.0
mp-685935,-0.15,256.0,16.0,136.0,58.0,60.0,59.0
mp-36248,-0.15,8.0,9.0,8.0,4.0,4.0,4.0
mp-27294,-0.15,28.0,31.0,30.0,13.0,13.0,13.0
mp-29663,-0.15,650.0,18.0,334.0,145.0,145.0,145.0
mp-1008752,-0.14,15.0,25.0,20.0,9.0,9.0,9.0
mp-989580,-0.14,23.0,23.0,23.0,11.0,11.0,11.0
mp-975383,-0.14,4.0,8.0,6.0,3.0,3.0,3.0
mp-865168,-0.14,509.0,107.0,308.0,138.0,138.0,138.0
mp-10056,-0.13,129.0,130.0,129.0,59.0,59.0,59.0
mp-1008282,-0.13,81.0,85.0,83.0,38.0,38.0,38.0
mp-2639,-0.13,7.0,13.0,10.0,5.0,5.0,5.0
mp-862791,-0.13,923.0,21.0,472.0,220.0,220.0,220.0
mp-774922,-0.12,12.0,15.0,13.0,5.0,7.0,6.0
mp-973554,-0.12,24.0,4.0,14.0,7.0,7.0,7.0
mp-27718,-0.12,15.0,15.0,15.0,7.0,7.0,7.0
mp-11343,-0.12,256.0,9.0,133.0,62.0,62.0,62.0
mp-6074,-0.11,52.0,73.0,63.0,30.0,30.0,30.0
mp-1017467,-0.11,95.0,99.0,97.0,47.0,47.0,47.0
mp-1009814,-0.11,280.0,12.0,146.0,71.0,72.0,71.0
mp-504825,-0.11,6.0,1.0,4.0,2.0,2.0,2.0
mp-989532,-0.11,13.0,16.0,14.0,7.0,7.0,7.0
mvc-3245,-0.1,290.0,14.0,152.0,75.0,78.0,77.0
mp-30482,-0.1,189.0,4.0,97.0,48.0,48.0,48.0
mp-22817,-0.1,21.0,25.0,23.0,12.0,12.0,12.0
mp-1006886,-0.1,28.0,30.0,29.0,14.0,14.0,14.0
mp-962075,-0.09,4.0,16.0,10.0,5.0,5.0,5.0
mp-776651,-0.09,70.0,73.0,71.0,35.0,37.0,36.0
mp-7961,-0.09,21.0,21.0,21.0,11.0,11.0,11.0
mp-1019259,-0.09,25.0,27.0,26.0,13.0,15.0,14.0
mp-979951,-0.09,27.0,14.0,20.0,10.0,11.0,10.0
mp-1018115,-0.08,80.0,20.0,50.0,19.0,34.0,26.0
mvc-5096,-0.08,80.0,109.0,95.0,47.0,53.0,50.0
mp-570223,-0.08,20.0,21.0,20.0,11.0,11.0,11.0
mp-30068,-0.08,14.0,5.0,9.0,4.0,5.0,5.0
mp-29862,-0.08,20.0,3.0,11.0,5.0,6.0,6.0
mp-1025524,-0.07,79.0,84.0,81.0,41.0,48.0,44.0
mp-11484,-0.07,542.0,12.0,277.0,153.0,153.0,153.0
mp-571124,-0.06,5.0,11.0,8.0,4.0,4.0,4.0
mp-975425,-0.06,94.0,99.0,96.0,53.0,53.0,53.0
mp-8936,-0.06,6.0,14.0,10.0,2.0,10.0,6.0
mp-1006112,-0.06,30.0,1.0,15.0,9.0,9.0,9.0
mp-1002083,-0.06,4.0,5.0,4.0,2.0,3.0,3.0
mp-554089,-0.06,33.0,38.0,35.0,20.0,20.0,20.0
mp-21139,-0.06,32.0,37.0,35.0,15.0,24.0,19.0
mp-775001,-0.06,11.0,13.0,12.0,6.0,7.0,7.0
mp-551758,-0.05,57.0,2.0,30.0,17.0,17.0,17.0
mp-24292,-0.05,30.0,31.0,30.0,17.0,17.0,17.0
mp-972119,-0.05,38.0,40.0,39.0,23.0,23.0,23.0
mp-985285,-0.05,12.0,13.0,12.0,7.0,7.0,7.0
mp-631316,-0.05,30.0,30.0,30.0,17.0,17.0,17.0
mp-6058,-0.05,26.0,28.0,27.0,16.0,16.0,16.0
mp-764744,-0.05,28.0,46.0,37.0,16.0,26.0,21.0
mp-865755,-0.04,22.0,24.0,23.0,14.0,14.0,14.0
mp-561543,-0.04,14.0,14.0,14.0,8.0,8.0,8.0
mvc-15643,-0.03,57.0,64.0,61.0,34.0,40.0,37.0
mp-1007778,-0.03,109.0,110.0,110.0,67.0,67.0,67.0
mp-557397,-0.03,15.0,16.0,16.0,10.0,10.0,10.0
mp-9056,-0.03,10.0,21.0,15.0,7.0,12.0,9.0
mp-6930,-0.03,42.0,46.0,44.0,27.0,27.0,27.0
mp-6204,-0.02,30.0,30.0,30.0,19.0,19.0,19.0
mp-23164,-0.02,44.0,12.0,28.0,12.0,23.0,17.0
mp-28698,-0.02,16.0,28.0,22.0,6.0,21.0,14.0
mp-865378,-0.02,437.0,16.0,226.0,141.0,141.0,141.0
mp-11390,-0.01,46.0,46.0,46.0,30.0,30.0,30.0
mp-557837,-0.01,27.0,34.0,30.0,16.0,23.0,19.0
mp-642363,-0.01,553.0,45.0,299.0,182.0,205.0,193.0
